Country,Country
Australia,8554
Canada,3599
United States,2718
Germany,858
Italy,689
United Kingdom,585
Lithuania,359
New Zealand,349
Netherlands,334
India,216
Spain,168
Sweden,119
Japan,114
Poland,91
Singapore,85
Switzerland,84
United Arab Emirates,75
Ireland,75
Finland,72
Philippines,71
Brazil,61
Estonia,61
Vietnam,57
Romania,57
Hong Kong,57
Belgium,56
Denmark,54
China,54
Norway,52
Austria,52
Indonesia,43
Russia,42
Mexico,42
Iran,35
Czech Republic,33
South Africa,30
France,28
Argentina,28
Malaysia,25
Antarctica,23
Costa Rica,23
Luxembourg,20
Greece,19
Croatia,17
Thailand,17
Laos,16
Portugal,16
Lebanon,15
Serbia,13
Chile,13
Hungary,13
Bulgaria,12
Yemen,12
Israel,10
Saudi Arabia,9
Trinidad and Tobago,9
Ecuador,9
Sri Lanka,9
Liechtenstein,9
Puerto Rico,7
Georgia,7
Albania,6
Ukraine,6
Egypt,6
Isle of Man,5
Norfolk Island,4
Latvia,4
Peru,4
Morocco,4
Iceland,4
Mongolia,4
Venezuela,4
Nicaragua,4
Kenya,3
Panama,3
Uruguay,3
Somalia,3
Colombia,3
South Korea,2
Senegal,2
Iraq,2
Slovakia,2
Kuwait,1
Jordan,1
Libya,1
Kyrgyzstan,1
Pakistan,1
Paraguay,1
Turkey,1
Barbados,1
Oman,1
Gabon,1
Malta,1
Bangladesh,1
Guinea,1
Kazakhstan,1
Collectivity of Saint Martin,1
Nigeria,1
Uganda,1
Grenada,1
Slovenia,1
Azerbaijan,1
Jamaica,1
Algeria,1